Opportunity_ID,Last_Modified _By
OPP-0467-69,Belal Farooqui
OPP-4162-81,Belal Farooqui
OPP-6874-16,Ruchita Patil
OPP-9651-64,Ruchita Patil
OPP-9989-54,Ruchita Patil
OPP-9099-06,Ruchita Patil
OPP-9512-24,Heena Chopra
OPP-6914-56,Belal Farooqui
OPP-8929-17,Ruchita Patil
OPP-0865-65,Ruchita Patil
OPP-9330-07,Belal Farooqui
OPP-0366-50,Jaswinder Singh
OPP-9075-20,Ruchita Patil
OPP-2339-54,Ruchita Patil
OPP-4988-24,Ruchita Patil
OPP-3310-79,Ruchita Patil
OPP-1889-23,Belal Farooqui
OPP-8277-10,Belal Farooqui
OPP-4446-08,Belal Farooqui
OPP-7114-52,Belal Farooqui
OPP-1904-22,Belal Farooqui
OPP-3847-10,Ruchita Patil
OPP-0235-81,Ruchita Patil
OPP-6442-54,Ruchita Patil
OPP-7071-39,Ruchita Patil
OPP-3643-45,Ruchita Patil
OPP-6753-55,Belal Farooqui
OPP-0084-88,Ruchita Patil
OPP-1137-38,Ruchita Patil
OPP-0920-99,Ruchita Patil
OPP-6082-75,Jaswinder Singh
OPP-2134-96,Ruchita Patil
OPP-9680-52,Ruchita Patil
OPP-6395-49,Ruchita Patil
OPP-7497-29,Ruchita Patil
OPP-9303-93,Ruchita Patil
OPP-2451-23,Ruchita Patil
OPP-9602-10,Ruchita Patil
OPP-7492-46,Heena Chopra
OPP-2785-25,Ruchita Patil
OPP-1823-02,Ruchita Patil
OPP-3179-73,Heena Chopra
OPP-0001-30,Belal Farooqui
OPP-9653-82,Ruchita Patil
OPP-8152-96,Ruchita Patil
OPP-5655-98,Belal Farooqui
OPP-8955-32,Ruchita Patil
OPP-5973-02,Jaswinder Singh
OPP-4088-72,Heena Chopra
OPP-8469-07,Heena Chopra
OPP-2935-67,Ruchita Patil
OPP-1108-86,Jaswinder Singh
OPP-9680-45,Belal Farooqui
OPP-4936-92,Ruchita Patil
OPP-2948-57,Ruchita Patil
OPP-1322-67,Ruchita Patil
OPP-3155-49,Ruchita Patil
OPP-4660-72,Ruchita Patil
OPP-1556-61,Ruchita Patil
OPP-9553-81,Ruchita Patil
OPP-7979-90,Ruchita Patil
OPP-2905-54,Ruchita Patil
OPP-9492-10,Jaswinder Singh
OPP-2963-45,Ruchita Patil
OPP-1881-44,Belal Farooqui
OPP-3024-29,Ruchita Patil
OPP-9761-74,Jaswinder Singh
OPP-0662-81,Heena Chopra
OPP-6990-73,Belal Farooqui
OPP-1006-58,Ruchita Patil
OPP-7818-55,Belal Farooqui
OPP-8891-07,Belal Farooqui
OPP-0657-95,Ruchita Patil
OPP-5891-94,Belal Farooqui
OPP-7789-28,Ruchita Patil
OPP-3666-78,Ruchita Patil
OPP-9512-22,Ruchita Patil
OPP-4147-27,Jaswinder Singh
OPP-4935-88,Heena Chopra
OPP-6588-14,Ruchita Patil
OPP-2784-95,Ruchita Patil
OPP-3749-62,Ruchita Patil
OPP-2725-58,Ruchita Patil
OPP-1573-18,Ruchita Patil
OPP-5590-44,Ruchita Patil
OPP-9307-59,Belal Farooqui
OPP-5058-88,Belal Farooqui
OPP-8120-19,Ruchita Patil
OPP-7134-41,Belal Farooqui
OPP-4862-49,Belal Farooqui
OPP-5677-32,Heena Chopra
OPP-0434-71,Ruchita Patil
OPP-1467-66,Heena Chopra
OPP-8732-22,Ruchita Patil
OPP-0109-59,Ruchita Patil
OPP-7522-00,Ruchita Patil
OPP-6462-67,Belal Farooqui
OPP-8666-18,Jaswinder Singh
OPP-6831-61,Ruchita Patil
OPP-4766-35,Belal Farooqui
OPP-0868-20,Jaswinder Singh
OPP-3530-17,Heena Chopra
OPP-9079-31,Jaswinder Singh
OPP-0273-54,Ruchita Patil
OPP-6923-89,Ruchita Patil
OPP-0650-33,Jaswinder Singh
OPP-2228-45,Heena Chopra
OPP-7438-72,Belal Farooqui
OPP-0672-50,Heena Chopra
OPP-7425-98,Ruchita Patil
OPP-6398-56,Ruchita Patil
OPP-9118-79,Ruchita Patil
OPP-4051-89,Ruchita Patil
OPP-7378-73,Ruchita Patil
OPP-3818-59,Belal Farooqui
OPP-1531-74,Belal Farooqui
OPP-1011-96,Ruchita Patil
OPP-4102-56,Ruchita Patil
OPP-0627-82,Heena Chopra
OPP-2067-20,Ruchita Patil
OPP-5477-58,Belal Farooqui
OPP-4420-87,Heena Chopra
OPP-7131-43,Ruchita Patil
OPP-8158-18,Ruchita Patil
OPP-6331-25,Ruchita Patil
OPP-7079-66,Belal Farooqui
OPP-7341-31,Belal Farooqui
OPP-1160-81,Jaswinder Singh
OPP-3844-44,Heena Chopra
OPP-6754-83,Belal Farooqui
OPP-3195-61,Jaswinder Singh
OPP-2544-85,Jaswinder Singh
OPP-1675-76,Ruchita Patil
OPP-8205-38,Heena Chopra
OPP-5119-86,Ruchita Patil
OPP-0671-86,Belal Farooqui
OPP-6829-38,Jaswinder Singh
OPP-9063-35,Ruchita Patil
OPP-8951-11,Belal Farooqui
OPP-0623-68,Ruchita Patil
OPP-8920-48,Belal Farooqui
OPP-8644-93,Ruchita Patil
OPP-6506-21,Jaswinder Singh
OPP-5453-83,Ruchita Patil
OPP-1203-30,Jaswinder Singh
OPP-4412-08,Heena Chopra
OPP-4935-34,Ruchita Patil
OPP-1000-62,Ruchita Patil
OPP-2557-05,Ruchita Patil
OPP-4249-81,Belal Farooqui
OPP-8803-99,Ruchita Patil
OPP-7329-38,Belal Farooqui
OPP-4294-71,Ruchita Patil
OPP-5934-19,Jaswinder Singh
OPP-8307-44,Belal Farooqui
OPP-0079-52,Heena Chopra
OPP-3150-47,Ruchita Patil
OPP-3187-12,Belal Farooqui
OPP-5718-13,Belal Farooqui
OPP-0173-97,Belal Farooqui
OPP-9276-20,Ruchita Patil
OPP-7952-47,Belal Farooqui
OPP-4121-27,Heena Chopra
OPP-0582-14,Ruchita Patil
OPP-5053-43,Jaswinder Singh
OPP-7759-96,Belal Farooqui
OPP-1372-87,Ruchita Patil
OPP-1628-49,Heena Chopra
OPP-1508-30,Ruchita Patil
OPP-0436-91,Ruchita Patil
OPP-7490-76,Belal Farooqui
OPP-6075-51,Heena Chopra
OPP-5093-00,Jaswinder Singh
OPP-3971-08,Ruchita Patil
OPP-7086-30,Heena Chopra
OPP-2603-84,Ruchita Patil
OPP-8076-80,Jaswinder Singh
OPP-3310-14,Ruchita Patil
OPP-0564-14,Belal Farooqui
OPP-2708-09,Ruchita Patil
OPP-5510-89,Ruchita Patil
OPP-1218-94,Ruchita Patil
OPP-6666-68,Ruchita Patil
OPP-7157-46,Heena Chopra
OPP-1195-90,Ruchita Patil
OPP-9988-77,Ruchita Patil
OPP-3367-79,Ruchita Patil
OPP-1297-70,Ruchita Patil
OPP-4287-42,Ruchita Patil
OPP-0615-39,Ruchita Patil
OPP-0912-63,Jaswinder Singh
OPP-5312-84,Ruchita Patil
OPP-2971-21,Belal Farooqui
OPP-4973-95,Belal Farooqui
OPP-6560-06,Jaswinder Singh
OPP-6154-68,Ruchita Patil
OPP-4796-56,Jaswinder Singh
OPP-4530-31,Ruchita Patil
OPP-3055-30,Ruchita Patil
OPP-6167-55,Heena Chopra
OPP-4458-14,Ruchita Patil
OPP-1995-65,Jaswinder Singh
OPP-8829-19,Heena Chopra
OPP-8592-14,Belal Farooqui
OPP-7038-92,Jaswinder Singh
OPP-3351-64,Jaswinder Singh
OPP-5148-16,Jaswinder Singh
OPP-0725-82,Ruchita Patil
OPP-0152-45,Ruchita Patil
OPP-0103-34,Belal Farooqui
OPP-2726-06,Jaswinder Singh
OPP-0044-00,Jaswinder Singh
OPP-2822-73,Ruchita Patil
OPP-0634-69,Ruchita Patil
OPP-1914-13,Belal Farooqui
OPP-4709-41,Belal Farooqui
OPP-6402-14,Heena Chopra
OPP-9738-81,Heena Chopra
OPP-5944-71,Ruchita Patil
OPP-8102-16,Heena Chopra
OPP-0776-01,Belal Farooqui
OPP-5401-67,Ruchita Patil
OPP-5637-36,Belal Farooqui
OPP-4255-46,Belal Farooqui
OPP-0447-48,Ruchita Patil
OPP-5273-45,Ruchita Patil
OPP-1402-79,Ruchita Patil
OPP-1968-47,Heena Chopra
OPP-5010-57,Ruchita Patil
OPP-1296-35,Ruchita Patil
OPP-6434-86,Jaswinder Singh
OPP-9475-65,Ruchita Patil
OPP-9433-05,Belal Farooqui
OPP-6522-71,Belal Farooqui
OPP-7833-81,Ruchita Patil
OPP-2600-54,Ruchita Patil
OPP-9606-16,Belal Farooqui
OPP-1040-11,Jaswinder Singh
OPP-9562-89,Ruchita Patil
OPP-7574-59,Ruchita Patil
OPP-6035-85,Belal Farooqui
OPP-2013-89,Heena Chopra
OPP-8210-92,Heena Chopra
OPP-8577-26,Ruchita Patil
OPP-6278-74,Ruchita Patil
OPP-9678-48,Belal Farooqui
OPP-7914-39,Heena Chopra
OPP-3939-58,Ruchita Patil
OPP-8095-57,Ruchita Patil
OPP-0152-17,Belal Farooqui
OPP-2673-56,Heena Chopra
OPP-4926-83,Belal Farooqui
OPP-4458-68,Jaswinder Singh
OPP-4221-42,Heena Chopra
OPP-5758-59,Belal Farooqui
OPP-9680-41,Ruchita Patil
OPP-3868-00,Heena Chopra
OPP-4010-26,Heena Chopra
OPP-1729-04,Ruchita Patil
OPP-8439-55,Ruchita Patil
OPP-2789-37,Belal Farooqui
OPP-2410-08,Jaswinder Singh
OPP-1826-49,Heena Chopra
OPP-8294-98,Belal Farooqui
OPP-0413-53,Belal Farooqui
OPP-5377-13,Ruchita Patil
OPP-9888-28,Belal Farooqui
OPP-2047-92,Heena Chopra
OPP-0086-59,Ruchita Patil
OPP-1300-49,Jaswinder Singh
OPP-1377-23,Ruchita Patil
OPP-4388-57,Ruchita Patil
OPP-0730-36,Ruchita Patil
OPP-1348-71,Heena Chopra
OPP-3511-81,Ruchita Patil
OPP-5619-49,Ruchita Patil
OPP-8759-18,Belal Farooqui
OPP-6424-63,Belal Farooqui
OPP-5199-98,Belal Farooqui
OPP-9532-39,Ruchita Patil
OPP-8488-34,Belal Farooqui
OPP-7879-93,Belal Farooqui
OPP-3017-56,Ruchita Patil
OPP-6386-17,Ruchita Patil
OPP-6499-72,Ruchita Patil
OPP-6020-96,Ruchita Patil
OPP-3346-75,Jaswinder Singh
OPP-3367-30,Ruchita Patil
OPP-6462-05,Ruchita Patil
OPP-9047-33,Heena Chopra
OPP-1912-51,Belal Farooqui
OPP-1489-84,Belal Farooqui
OPP-1154-52,Ruchita Patil
OPP-3529-64,Ruchita Patil
OPP-6576-61,Ruchita Patil
OPP-2028-14,Ruchita Patil
OPP-8358-31,Ruchita Patil
OPP-2615-85,Ruchita Patil
OPP-8796-48,Heena Chopra
OPP-2855-02,Belal Farooqui
OPP-1413-47,Ruchita Patil
OPP-5633-49,Ruchita Patil
OPP-9224-95,Jaswinder Singh
OPP-5358-87,Jaswinder Singh
OPP-4140-66,Jaswinder Singh
OPP-7783-49,Belal Farooqui
OPP-0479-90,Ruchita Patil
OPP-2345-57,Ruchita Patil
OPP-5521-11,Jaswinder Singh
OPP-1982-26,Jaswinder Singh
OPP-0978-55,Ruchita Patil
OPP-2518-10,Belal Farooqui
OPP-4755-38,Heena Chopra
OPP-4614-86,Ruchita Patil
OPP-4672-93,Belal Farooqui
OPP-1339-83,Ruchita Patil
OPP-8821-00,Ruchita Patil
OPP-9347-89,Ruchita Patil
OPP-4264-29,Ruchita Patil
OPP-4622-70,Ruchita Patil
OPP-3222-51,Belal Farooqui
OPP-0087-76,Belal Farooqui
OPP-2743-30,Belal Farooqui
OPP-7547-80,Ruchita Patil
OPP-7203-88,Belal Farooqui
OPP-5031-46,Ruchita Patil
OPP-8053-53,Ruchita Patil
OPP-9053-29,Belal Farooqui
OPP-6365-08,Ruchita Patil
OPP-1696-41,Heena Chopra
OPP-0172-40,Ruchita Patil
OPP-7167-22,Belal Farooqui
OPP-0712-98,Heena Chopra
OPP-3934-38,Heena Chopra
OPP-3045-37,Ruchita Patil
OPP-0637-94,Ruchita Patil
OPP-2124-44,Jaswinder Singh
OPP-4364-98,Jaswinder Singh
OPP-2879-72,Ruchita Patil
OPP-3499-69,Ruchita Patil
OPP-6689-03,Belal Farooqui
OPP-4738-16,Heena Chopra
OPP-7304-83,Ruchita Patil
OPP-1557-44,Heena Chopra
OPP-8670-24,Belal Farooqui
OPP-0687-45,Ruchita Patil
OPP-1334-47,Ruchita Patil
OPP-2165-26,Belal Farooqui
OPP-0613-08,Ruchita Patil
OPP-7898-19,Ruchita Patil
OPP-6508-60,Ruchita Patil
OPP-4686-07,Jaswinder Singh
OPP-4675-32,Ruchita Patil
OPP-2329-64,Ruchita Patil
OPP-8699-64,Ruchita Patil
OPP-5954-34,Ruchita Patil
OPP-6493-90,Ruchita Patil
OPP-1054-60,Jaswinder Singh
OPP-6510-28,Belal Farooqui
OPP-9000-45,Ruchita Patil
OPP-7084-03,Belal Farooqui
OPP-9108-27,Ruchita Patil
OPP-9592-05,Ruchita Patil
OPP-7651-95,Heena Chopra
OPP-2843-36,Ruchita Patil
OPP-3258-07,Belal Farooqui
OPP-0090-32,Ruchita Patil
OPP-3513-44,Belal Farooqui
OPP-4156-09,Ruchita Patil
OPP-6237-40,Belal Farooqui
OPP-1807-44,Ruchita Patil
OPP-8572-40,Ruchita Patil
OPP-6183-26,Heena Chopra
OPP-8990-45,Ruchita Patil
OPP-4580-91,Jaswinder Singh
OPP-7007-57,Ruchita Patil
OPP-5979-33,Jaswinder Singh
OPP-0384-73,Belal Farooqui
OPP-8766-76,Jaswinder Singh
OPP-2036-04,Jaswinder Singh
OPP-3162-85,Ruchita Patil
OPP-1894-56,Jaswinder Singh
OPP-3224-88,Ruchita Patil
OPP-3302-30,Heena Chopra
OPP-0454-28,Jaswinder Singh
OPP-0819-03,Jaswinder Singh
OPP-4890-88,Ruchita Patil
OPP-7347-72,Belal Farooqui
OPP-0364-67,Ruchita Patil
OPP-8136-27,Ruchita Patil
OPP-9046-88,Ruchita Patil
OPP-5825-02,Jaswinder Singh
OPP-0565-56,Belal Farooqui
OPP-7025-60,Ruchita Patil
OPP-9950-88,Heena Chopra
OPP-9970-50,Heena Chopra
OPP-5058-60,Belal Farooqui
OPP-7099-13,Ruchita Patil
OPP-2747-76,Jaswinder Singh
OPP-7911-89,Ruchita Patil
OPP-2999-59,Ruchita Patil
OPP-2521-58,Jaswinder Singh
OPP-9100-17,Ruchita Patil
OPP-3523-45,Jaswinder Singh
OPP-1503-61,Heena Chopra
OPP-1825-09,Belal Farooqui
OPP-3721-38,Belal Farooqui
OPP-4014-19,Ruchita Patil
OPP-5027-72,Ruchita Patil
OPP-0486-24,Ruchita Patil
OPP-1976-36,Heena Chopra
OPP-1575-78,Ruchita Patil
OPP-4798-50,Ruchita Patil
OPP-7378-53,Ruchita Patil
OPP-3230-63,Belal Farooqui
OPP-1099-11,Ruchita Patil
OPP-1262-57,Ruchita Patil
OPP-7257-51,Belal Farooqui
OPP-6794-87,Ruchita Patil
OPP-7198-20,Belal Farooqui
OPP-9426-56,Ruchita Patil
OPP-8900-58,Ruchita Patil
OPP-5414-00,Belal Farooqui
OPP-1153-48,Belal Farooqui
OPP-7756-19,Heena Chopra
OPP-5353-55,Ruchita Patil
OPP-0585-02,Ruchita Patil
OPP-8191-52,Belal Farooqui
OPP-3487-32,Heena Chopra
OPP-8722-12,Ruchita Patil
OPP-4977-15,Belal Farooqui
OPP-3511-27,Ruchita Patil
OPP-3214-94,Belal Farooqui
OPP-9766-56,Belal Farooqui
OPP-7279-77,Jaswinder Singh
OPP-5646-94,Ruchita Patil
OPP-3036-08,Ruchita Patil
OPP-6799-81,Jaswinder Singh
OPP-9975-19,Belal Farooqui
OPP-4090-13,Ruchita Patil
OPP-2337-03,Ruchita Patil
OPP-2188-29,Belal Farooqui
OPP-6694-62,Belal Farooqui
OPP-7225-68,Heena Chopra
OPP-5702-68,Ruchita Patil
OPP-1899-45,Belal Farooqui
OPP-5058-37,Jaswinder Singh
OPP-9519-63,Belal Farooqui
OPP-9430-10,Jaswinder Singh
OPP-9659-19,Belal Farooqui
OPP-3398-54,Ruchita Patil
OPP-1065-04,Ruchita Patil
OPP-0454-35,Ruchita Patil
OPP-1140-62,Ruchita Patil
OPP-8489-47,Ruchita Patil
OPP-6249-74,Ruchita Patil
OPP-6118-57,Ruchita Patil
OPP-7590-40,Heena Chopra
OPP-2569-10,Jaswinder Singh
OPP-3968-85,Ruchita Patil
OPP-0273-56,Jaswinder Singh
OPP-7158-77,Ruchita Patil
OPP-1803-21,Ruchita Patil
OPP-4587-74,Jaswinder Singh
OPP-8174-51,Ruchita Patil
OPP-4951-90,Jaswinder Singh
OPP-3323-33,Ruchita Patil
OPP-9817-15,Ruchita Patil
OPP-1182-44,Ruchita Patil
OPP-8876-51,Jaswinder Singh
OPP-2807-60,Belal Farooqui
OPP-3281-37,Heena Chopra
OPP-4413-48,Ruchita Patil
OPP-0046-70,Ruchita Patil
OPP-1154-36,Heena Chopra
OPP-6399-65,Ruchita Patil
OPP-1051-12,Ruchita Patil
OPP-6549-99,Belal Farooqui
OPP-7139-67,Ruchita Patil
OPP-6538-52,Heena Chopra
OPP-8193-37,Belal Farooqui
OPP-6756-62,Ruchita Patil
OPP-0220-09,Jaswinder Singh
OPP-5675-46,Belal Farooqui
OPP-2396-85,Ruchita Patil
OPP-2490-61,Ruchita Patil
OPP-7466-35,Belal Farooqui
OPP-2319-54,Ruchita Patil
OPP-7579-56,Heena Chopra
OPP-5456-23,Belal Farooqui
OPP-1920-56,Heena Chopra
OPP-8981-74,Jaswinder Singh
OPP-5229-45,Ruchita Patil
OPP-5195-27,Jaswinder Singh
OPP-0650-12,Heena Chopra
OPP-8253-54,Jaswinder Singh
OPP-3161-36,Heena Chopra
OPP-9623-62,Jaswinder Singh
OPP-0531-88,Belal Farooqui
OPP-8897-31,Ruchita Patil
OPP-3692-39,Jaswinder Singh
OPP-2385-03,Ruchita Patil
OPP-7818-07,Ruchita Patil
OPP-7817-51,Ruchita Patil
OPP-9609-62,Ruchita Patil
OPP-7223-29,Ruchita Patil
OPP-8653-62,Heena Chopra
OPP-4237-29,Ruchita Patil
OPP-9903-31,Belal Farooqui
OPP-2766-02,Ruchita Patil
OPP-9607-70,Belal Farooqui
OPP-9900-84,Ruchita Patil
OPP-5797-10,Ruchita Patil
OPP-4399-40,Ruchita Patil
OPP-9930-55,Belal Farooqui
OPP-9399-24,Heena Chopra
OPP-7186-01,Ruchita Patil
OPP-0056-48,Heena Chopra
OPP-7992-78,Ruchita Patil
OPP-0453-85,Ruchita Patil
OPP-0665-00,Heena Chopra
OPP-7314-12,Ruchita Patil
OPP-1249-15,Jaswinder Singh
OPP-6056-12,Belal Farooqui
OPP-4784-34,Ruchita Patil
OPP-7420-02,Heena Chopra
OPP-3862-41,Jaswinder Singh
OPP-0059-23,Belal Farooqui
OPP-8454-08,Ruchita Patil
OPP-3738-90,Belal Farooqui
OPP-9886-11,Ruchita Patil
OPP-6967-95,Heena Chopra
OPP-4966-45,Ruchita Patil
OPP-4676-32,Belal Farooqui
OPP-8446-90,Ruchita Patil
OPP-1977-80,Ruchita Patil
OPP-7239-23,Ruchita Patil
OPP-4483-29,Ruchita Patil
OPP-8530-39,Ruchita Patil
OPP-9125-92,Ruchita Patil
OPP-7643-74,Belal Farooqui
OPP-6841-29,Belal Farooqui
OPP-5178-24,Jaswinder Singh
OPP-7705-92,Ruchita Patil
OPP-4640-24,Jaswinder Singh
OPP-2003-15,Belal Farooqui
OPP-3143-48,Heena Chopra
OPP-3472-00,Ruchita Patil
OPP-8709-93,Ruchita Patil
OPP-0992-20,Ruchita Patil
OPP-2581-73,Ruchita Patil
OPP-2021-30,Ruchita Patil
OPP-4866-52,Belal Farooqui
OPP-4428-03,Ruchita Patil
OPP-1953-62,Belal Farooqui
OPP-5158-66,Belal Farooqui
OPP-0452-80,Belal Farooqui
OPP-6397-15,Ruchita Patil
OPP-6135-82,Belal Farooqui
OPP-8148-39,Ruchita Patil
OPP-2298-57,Belal Farooqui
OPP-7941-91,Ruchita Patil
OPP-5825-41,Ruchita Patil
OPP-2653-42,Ruchita Patil
OPP-1647-66,Ruchita Patil
OPP-4030-34,Heena Chopra
OPP-2880-27,Jaswinder Singh
OPP-1604-36,Ruchita Patil
OPP-5681-73,Heena Chopra
OPP-2487-33,Jaswinder Singh
OPP-5609-51,Ruchita Patil
OPP-0795-41,Ruchita Patil
OPP-5660-51,Belal Farooqui
OPP-6768-38,Belal Farooqui
OPP-2769-23,Belal Farooqui
OPP-4632-44,Jaswinder Singh
OPP-6500-01,Ruchita Patil
OPP-2362-08,Heena Chopra
OPP-7106-95,Ruchita Patil
OPP-7306-60,Ruchita Patil
OPP-9981-41,Ruchita Patil
OPP-2072-83,Belal Farooqui
OPP-9414-72,Ruchita Patil
OPP-1790-34,Jaswinder Singh
OPP-4942-85,Belal Farooqui
OPP-4264-44,Ruchita Patil
OPP-2963-62,Belal Farooqui
OPP-8747-29,Ruchita Patil
OPP-7034-11,Ruchita Patil
OPP-9864-08,Heena Chopra
OPP-9827-36,Jaswinder Singh
OPP-0356-27,Ruchita Patil
OPP-2918-64,Jaswinder Singh
OPP-0754-67,Ruchita Patil
OPP-6689-35,Ruchita Patil
OPP-0038-56,Ruchita Patil
OPP-2191-93,Jaswinder Singh
OPP-7922-05,Jaswinder Singh
OPP-1741-79,Belal Farooqui
OPP-8281-79,Jaswinder Singh
OPP-3558-38,Belal Farooqui
OPP-6330-35,Ruchita Patil
OPP-5253-38,Ruchita Patil
OPP-5059-36,Heena Chopra
OPP-5048-32,Belal Farooqui
OPP-8928-57,Jaswinder Singh
OPP-9104-59,Ruchita Patil
OPP-8296-11,Belal Farooqui
OPP-3574-56,Belal Farooqui
OPP-7229-81,Heena Chopra
OPP-1342-66,Heena Chopra
OPP-2919-11,Heena Chopra
OPP-6464-18,Ruchita Patil
OPP-8258-73,Ruchita Patil
OPP-2316-81,Jaswinder Singh
OPP-3164-43,Heena Chopra
OPP-6974-38,Ruchita Patil
OPP-4046-34,Belal Farooqui
OPP-8372-99,Ruchita Patil
OPP-3990-12,Belal Farooqui
OPP-3268-41,Ruchita Patil
OPP-1305-56,Ruchita Patil
OPP-2926-22,Jaswinder Singh
OPP-5686-59,Ruchita Patil
OPP-5202-91,Belal Farooqui
OPP-1619-30,Ruchita Patil
OPP-2128-39,Heena Chopra
OPP-9806-63,Jaswinder Singh
OPP-8395-20,Ruchita Patil
OPP-9938-08,Ruchita Patil
OPP-1821-38,Belal Farooqui
OPP-5359-01,Ruchita Patil
OPP-6991-67,Belal Farooqui
OPP-6992-43,Ruchita Patil
OPP-8501-52,Ruchita Patil
OPP-9851-57,Heena Chopra
OPP-0785-23,Ruchita Patil
OPP-6917-22,Ruchita Patil
OPP-9929-35,Heena Chopra
OPP-9308-18,Belal Farooqui
OPP-7760-26,Ruchita Patil
OPP-6058-42,Belal Farooqui
OPP-4670-27,Heena Chopra
OPP-3735-67,Ruchita Patil
OPP-4989-21,Jaswinder Singh
OPP-8616-45,Ruchita Patil
OPP-2342-50,Heena Chopra
OPP-3786-80,Ruchita Patil
OPP-8902-30,Belal Farooqui
OPP-9307-52,Belal Farooqui
OPP-3188-48,Ruchita Patil
OPP-4181-50,Ruchita Patil
OPP-7651-59,Ruchita Patil
OPP-3254-93,Ruchita Patil
OPP-0571-34,Ruchita Patil
OPP-5323-22,Belal Farooqui
OPP-4354-02,Belal Farooqui
OPP-1809-61,Belal Farooqui
OPP-1774-94,Ruchita Patil
OPP-0754-14,Jaswinder Singh
OPP-5616-18,Ruchita Patil
OPP-9545-35,Heena Chopra
OPP-5185-31,Ruchita Patil
OPP-3134-79,Ruchita Patil
OPP-5640-05,Heena Chopra
OPP-9949-99,Belal Farooqui
OPP-9652-17,Ruchita Patil
OPP-2221-71,Jaswinder Singh
OPP-8082-29,Belal Farooqui
OPP-6977-74,Ruchita Patil
OPP-9311-26,Belal Farooqui
OPP-0987-38,Belal Farooqui
OPP-7692-66,Jaswinder Singh
OPP-3023-99,Ruchita Patil
OPP-3520-30,Belal Farooqui
OPP-4826-55,Ruchita Patil
OPP-1344-07,Jaswinder Singh
OPP-6121-42,Ruchita Patil
OPP-4543-58,Belal Farooqui
OPP-4685-50,Heena Chopra
OPP-5360-57,Ruchita Patil
OPP-5097-36,Ruchita Patil
OPP-9969-25,Heena Chopra
OPP-0871-20,Ruchita Patil
OPP-1356-15,Heena Chopra
OPP-3242-25,Ruchita Patil
OPP-5444-03,Jaswinder Singh
OPP-6041-62,Heena Chopra
OPP-2939-35,Ruchita Patil
OPP-4073-77,Ruchita Patil
OPP-4102-07,Ruchita Patil
OPP-2863-36,Ruchita Patil
OPP-0105-05,Heena Chopra
OPP-0952-07,Ruchita Patil
OPP-4982-34,Jaswinder Singh
OPP-0979-02,Ruchita Patil
OPP-1676-77,Ruchita Patil
OPP-1693-32,Ruchita Patil
OPP-9795-51,Jaswinder Singh
OPP-9054-66,Ruchita Patil
OPP-9324-75,Belal Farooqui
OPP-0203-23,Jaswinder Singh
OPP-2230-11,Ruchita Patil
OPP-8553-93,Ruchita Patil
OPP-2030-83,Ruchita Patil
OPP-1414-87,Belal Farooqui
OPP-6902-63,Ruchita Patil
OPP-6722-71,Belal Farooqui
OPP-8376-64,Ruchita Patil
OPP-6248-89,Ruchita Patil
OPP-3191-24,Ruchita Patil
OPP-2707-04,Belal Farooqui
OPP-3061-53,Belal Farooqui
OPP-9711-13,Jaswinder Singh
OPP-0990-58,Ruchita Patil
OPP-5139-43,Ruchita Patil
OPP-8537-00,Belal Farooqui
OPP-3506-89,Belal Farooqui
OPP-5082-60,Jaswinder Singh
OPP-7951-81,Jaswinder Singh
OPP-7891-46,Jaswinder Singh
OPP-1522-99,Jaswinder Singh
OPP-6981-98,Ruchita Patil
OPP-9338-04,Ruchita Patil
OPP-0164-31,Heena Chopra
OPP-6613-38,Ruchita Patil
OPP-3463-05,Ruchita Patil
OPP-5351-47,Ruchita Patil
OPP-3602-85,Ruchita Patil
OPP-9927-10,Ruchita Patil
OPP-2469-45,Ruchita Patil
OPP-9180-53,Jaswinder Singh
OPP-3706-75,Heena Chopra
OPP-2455-94,Belal Farooqui
OPP-0193-68,Heena Chopra
OPP-8153-23,Ruchita Patil
OPP-3050-31,Belal Farooqui
OPP-4867-20,Belal Farooqui
OPP-8750-68,Ruchita Patil
OPP-2127-75,Ruchita Patil
OPP-8847-19,Jaswinder Singh
OPP-8844-79,Jaswinder Singh
OPP-7069-17,Ruchita Patil
OPP-7560-83,Belal Farooqui
OPP-0803-80,Ruchita Patil
OPP-0663-81,Heena Chopra
OPP-8878-07,Belal Farooqui
OPP-9419-18,Jaswinder Singh
OPP-0853-54,Heena Chopra
OPP-6164-33,Belal Farooqui
OPP-6587-04,Heena Chopra
OPP-6221-11,Heena Chopra
OPP-8867-21,Jaswinder Singh
OPP-5089-06,Ruchita Patil
OPP-6403-91,Belal Farooqui
OPP-9515-00,Ruchita Patil
OPP-5081-65,Belal Farooqui
OPP-4572-57,Heena Chopra
OPP-6796-18,Ruchita Patil
OPP-6805-86,Heena Chopra
OPP-1454-00,Ruchita Patil
OPP-0952-98,Ruchita Patil
OPP-3836-92,Belal Farooqui
OPP-2406-06,Belal Farooqui
OPP-9297-64,Belal Farooqui
OPP-7161-19,Ruchita Patil
OPP-5122-20,Belal Farooqui
OPP-8878-99,Ruchita Patil
OPP-7671-20,Belal Farooqui
OPP-7848-43,Ruchita Patil
OPP-8891-74,Jaswinder Singh
OPP-8629-32,Ruchita Patil
OPP-5072-67,Belal Farooqui
OPP-6051-40,Ruchita Patil
OPP-9926-19,Ruchita Patil
OPP-5172-20,Jaswinder Singh
OPP-6558-91,Jaswinder Singh
OPP-8294-08,Heena Chopra
OPP-2566-83,Heena Chopra
OPP-6145-49,Ruchita Patil
OPP-1575-59,Ruchita Patil
OPP-2979-41,Belal Farooqui
OPP-9483-16,Heena Chopra
OPP-6487-88,Ruchita Patil
OPP-7370-77,Heena Chopra
OPP-7845-02,Heena Chopra
OPP-0809-30,Jaswinder Singh
OPP-3074-27,Ruchita Patil
OPP-2495-05,Jaswinder Singh
OPP-7575-38,Ruchita Patil
OPP-7931-92,Belal Farooqui
OPP-5769-22,Belal Farooqui
OPP-7888-85,Belal Farooqui
OPP-3145-92,Ruchita Patil
OPP-9637-81,Heena Chopra
OPP-0849-60,Jaswinder Singh
OPP-9467-12,Ruchita Patil
OPP-8802-94,Belal Farooqui
OPP-3494-54,Belal Farooqui
OPP-3867-15,Heena Chopra
OPP-1147-37,Ruchita Patil
OPP-0068-14,Ruchita Patil
OPP-9399-42,Ruchita Patil
OPP-6184-65,Ruchita Patil
OPP-2350-68,Ruchita Patil
OPP-8608-03,Ruchita Patil
OPP-2643-32,Belal Farooqui
OPP-8966-48,Belal Farooqui
OPP-4165-68,Jaswinder Singh
OPP-0791-73,Ruchita Patil
OPP-6679-38,Ruchita Patil
OPP-3173-17,Ruchita Patil
OPP-4586-34,Ruchita Patil
OPP-8965-03,Ruchita Patil
OPP-7829-80,Belal Farooqui
OPP-9000-52,Ruchita Patil
OPP-6724-66,Heena Chopra
OPP-5354-03,Belal Farooqui
OPP-0929-42,Heena Chopra
OPP-8370-37,Heena Chopra
OPP-5835-65,Heena Chopra
OPP-6759-02,Ruchita Patil
OPP-0559-03,Ruchita Patil
OPP-6968-76,Belal Farooqui
OPP-0968-63,Heena Chopra
OPP-7713-41,Jaswinder Singh
OPP-5856-75,Belal Farooqui
OPP-6580-93,Ruchita Patil
OPP-3488-90,Heena Chopra
OPP-3941-76,Ruchita Patil
OPP-3641-21,Ruchita Patil
OPP-3381-16,Belal Farooqui
OPP-8272-66,Ruchita Patil
OPP-7346-89,Ruchita Patil
OPP-0729-78,Heena Chopra
OPP-0567-34,Ruchita Patil
OPP-1864-44,Ruchita Patil
OPP-6642-42,Ruchita Patil
OPP-5995-44,Ruchita Patil
OPP-5611-09,Belal Farooqui
OPP-7891-63,Ruchita Patil
OPP-7991-48,Ruchita Patil
OPP-9394-22,Ruchita Patil
OPP-3137-52,Heena Chopra
OPP-4759-03,Jaswinder Singh
OPP-4089-66,Ruchita Patil
OPP-7322-61,Jaswinder Singh
OPP-0325-89,Ruchita Patil
OPP-5787-37,Ruchita Patil
OPP-6203-78,Ruchita Patil
OPP-7868-51,Ruchita Patil
OPP-2679-56,Jaswinder Singh
OPP-5567-29,Ruchita Patil
OPP-9313-00,Ruchita Patil
OPP-2048-74,Belal Farooqui
OPP-1278-16,Ruchita Patil
OPP-6335-11,Ruchita Patil
OPP-3306-55,Belal Farooqui
OPP-4224-22,Ruchita Patil
OPP-8716-62,Ruchita Patil
OPP-7093-48,Heena Chopra
OPP-8955-84,Belal Farooqui
OPP-2052-02,Belal Farooqui
OPP-1740-81,Heena Chopra
OPP-9256-32,Ruchita Patil
OPP-8149-46,Jaswinder Singh
OPP-2496-68,Belal Farooqui
OPP-3023-08,Ruchita Patil
OPP-2367-63,Ruchita Patil
OPP-8328-75,Ruchita Patil
OPP-7984-42,Ruchita Patil
OPP-5950-69,Ruchita Patil
OPP-0324-04,Ruchita Patil
OPP-3317-22,Belal Farooqui
OPP-2934-93,Ruchita Patil
OPP-4667-62,Ruchita Patil
OPP-6500-55,Ruchita Patil
OPP-0220-46,Belal Farooqui
OPP-3930-42,Ruchita Patil
OPP-0644-88,Belal Farooqui
OPP-2963-45,Ruchita Patil
OPP-1946-07,Jaswinder Singh
OPP-9442-43,Ruchita Patil
OPP-1344-68,Ruchita Patil
OPP-4277-69,Belal Farooqui
OPP-2787-18,Heena Chopra
OPP-5695-66,Ruchita Patil
OPP-3638-07,Jaswinder Singh
OPP-5610-94,Belal Farooqui
OPP-9282-75,Ruchita Patil
OPP-4315-84,Belal Farooqui
OPP-3997-12,Ruchita Patil
OPP-8339-67,Ruchita Patil
OPP-7578-62,Heena Chopra
OPP-9645-08,Heena Chopra
OPP-7356-23,Belal Farooqui
OPP-4964-31,Belal Farooqui
OPP-1615-91,Ruchita Patil
OPP-9666-82,Jaswinder Singh
OPP-3418-95,Belal Farooqui
OPP-8249-48,Ruchita Patil
OPP-6070-39,Belal Farooqui
OPP-8226-07,Belal Farooqui
OPP-5821-83,Jaswinder Singh
OPP-0204-54,Belal Farooqui
OPP-8327-03,Ruchita Patil
OPP-3877-10,Ruchita Patil
OPP-5583-82,Heena Chopra
OPP-3203-49,Ruchita Patil
OPP-0900-83,Belal Farooqui
OPP-5502-73,Ruchita Patil
OPP-5125-89,Heena Chopra
OPP-3522-88,Ruchita Patil
OPP-7982-78,Heena Chopra
OPP-8184-35,Belal Farooqui
OPP-1989-26,Heena Chopra
OPP-2178-15,Ruchita Patil
OPP-1082-62,Heena Chopra
OPP-4421-35,Ruchita Patil
OPP-9904-02,Belal Farooqui
OPP-9571-34,Belal Farooqui
OPP-3879-49,Jaswinder Singh
OPP-4305-80,Jaswinder Singh
OPP-7853-08,Belal Farooqui
OPP-2937-03,Heena Chopra
OPP-1692-25,Belal Farooqui
OPP-1372-08,Ruchita Patil
OPP-5698-03,Ruchita Patil
OPP-7398-84,Heena Chopra
OPP-8621-04,Heena Chopra
OPP-1207-74,Ruchita Patil
OPP-7600-07,Belal Farooqui
OPP-2041-05,Heena Chopra
OPP-4077-84,Ruchita Patil
OPP-5051-12,Ruchita Patil
OPP-8384-13,Belal Farooqui
OPP-0154-12,Belal Farooqui
OPP-7214-79,Belal Farooqui
OPP-2735-85,Ruchita Patil
OPP-3306-18,Ruchita Patil
OPP-4375-09,Belal Farooqui
OPP-0196-08,Belal Farooqui
OPP-9730-00,Belal Farooqui
OPP-6618-65,Jaswinder Singh
OPP-3560-36,Belal Farooqui
OPP-6079-82,Ruchita Patil
OPP-8027-71,Belal Farooqui
OPP-6077-13,Belal Farooqui
OPP-9767-78,Belal Farooqui
OPP-5611-01,Ruchita Patil
OPP-5855-01,Ruchita Patil
OPP-7850-20,Heena Chopra
OPP-2186-86,Ruchita Patil
OPP-5883-22,Belal Farooqui
OPP-5478-45,Heena Chopra
OPP-8009-65,Ruchita Patil
OPP-6125-00,Jaswinder Singh
OPP-0870-08,Belal Farooqui
OPP-1793-67,Ruchita Patil
OPP-0408-48,Belal Farooqui
OPP-4422-06,Belal Farooqui
OPP-9008-88,Ruchita Patil
OPP-5521-31,Belal Farooqui
OPP-3245-76,Ruchita Patil
OPP-2385-43,Ruchita Patil
OPP-9332-18,Jaswinder Singh
OPP-7139-88,Jaswinder Singh
OPP-9170-13,Heena Chopra
OPP-2426-02,Belal Farooqui
OPP-1055-94,Ruchita Patil
OPP-5674-18,Ruchita Patil
OPP-6004-75,Ruchita Patil
OPP-8075-68,Belal Farooqui
OPP-2164-08,Belal Farooqui
OPP-0502-54,Belal Farooqui
OPP-2607-90,Belal Farooqui
OPP-2799-51,Ruchita Patil
OPP-0486-06,Heena Chopra
OPP-3055-24,Ruchita Patil
OPP-7592-98,Heena Chopra
OPP-6175-71,Ruchita Patil
OPP-5651-41,Belal Farooqui
OPP-6021-28,Belal Farooqui
OPP-6652-93,Ruchita Patil
OPP-8796-70,Jaswinder Singh
OPP-0051-54,Ruchita Patil
OPP-7236-76,Ruchita Patil
OPP-8878-30,Jaswinder Singh
OPP-2368-94,Ruchita Patil
OPP-6418-22,Jaswinder Singh
OPP-8138-55,Ruchita Patil
OPP-6466-36,Belal Farooqui
OPP-7682-44,Heena Chopra
OPP-9934-89,Belal Farooqui
OPP-6776-14,Heena Chopra
OPP-2413-29,Ruchita Patil
OPP-5465-29,Belal Farooqui
OPP-5945-15,Ruchita Patil
OPP-4652-00,Ruchita Patil
OPP-3591-15,Belal Farooqui
