Account_ID,City,Phone,Status
AID-6876-77,Cork,467-146-5229,Inactive
AID-3660-87,Cork,290-337-4647,Active
AID-1752-56,Galway,780-330-9172,Active
AID-4549-14,Galway,983-455-2951,Active
AID-6978-11,Cork,411-255-1439,Active
AID-7801-96,Swords,359-800-6485,Active
AID-1178-59,Cork,185-836-2417,Inactive
AID-0350-67,Swords,780-549-3978,Inactive
AID-1058-88,Cork,889-763-0929,Active
AID-2380-24,Cork,827-844-9936,Inactive
AID-9242-64,Dublin,415-519-2202,Inactive
AID-9039-96,Swords,456-338-0292,Active
AID-3139-43,Galway,476-448-2542,Active
AID-6405-57,Cork,368-901-2857,Active
AID-5146-07,Cork,511-939-0239,Active
AID-0889-25,Cork,724-146-3748,Active
AID-7648-68,Cork,893-282-3731,Active
AID-1588-94,Cork,670-894-3277,Active
AID-9389-61,Dublin,482-775-5369,Active
AID-3911-19,Swords,448-695-6160,Active
AID-0362-65,Limerick,694-579-7925,Active
AID-4609-97,Cork,999-396-0308,Active
AID-8863-01,Galway,987-974-8362,Active
AID-2921-45,Cork,859-351-6484,Active
AID-9733-37,Galway,324-386-5295,Active
AID-4862-60,Cork,288-403-7623,Active
AID-2467-58,Cork,477-611-6270,Active
AID-3002-87,Cork,964-521-8568,Active
AID-6603-02,Galway,692-263-8590,Active
AID-0311-44,Dublin,948-509-9859,Active
AID-3521-69,Galway,105-435-8798,Active
AID-9604-62,Swords,280-407-5340,Active
AID-8799-78,Cork,561-768-1585,Active
AID-3348-57,Cork,380-764-0305,Active
AID-4677-20,Dublin,223-178-5753,Active
AID-0680-91,Swords,517-108-5782,Active
AID-4558-92,Dublin,223-221-9597,Active
AID-1134-14,Cork,759-654-1319,Active
AID-4485-99,Swords,102-373-2579,Active
AID-6683-99,Galway,149-108-3909,Active
AID-7702-32,Galway,176-233-1463,Active
AID-1903-06,Galway,191-372-7151,Active
AID-8887-00,Cork,934-406-8003,Active
AID-1329-40,Galway,119-324-5768,Active
AID-7169-65,Dublin,383-746-2101,Active
AID-0250-29,Galway,613-781-8506,Active
AID-5347-75,Galway,522-187-0202,Active
AID-8063-78,Swords,519-641-5342,Active
AID-8959-60,Dublin,768-336-0279,Active
AID-7221-23,Cork,945-857-4792,Active
AID-7549-59,Galway,917-236-6382,Active
AID-3339-74,Dublin,233-992-7890,Active
AID-4883-60,Galway,416-907-1643,Active
AID-3151-64,Cork,518-914-3313,Active
AID-1185-39,Port Laoise,361-158-7117,Active
AID-3160-85,Cork,540-293-4875,Active
AID-5718-74,Cork,205-202-2605,Active
AID-2889-65,Galway,378-181-7421,Active
AID-8806-31,Galway,260-157-8578,Active
AID-3236-09,Swords,616-949-3137,Active
AID-6281-67,Cork,182-742-6565,Active
AID-5231-19,Lismore,832-865-1345,Active
AID-4993-01,Cork,348-416-6603,Active
AID-4076-04,Cork,309-999-1639,Active
AID-7401-71,Galway,627-181-4646,Active
AID-0941-89,Dublin,569-969-4726,Active
AID-0145-73,Dublin,757-716-7274,Active
AID-7142-51,Swords,425-671-3495,Active
AID-7227-62,Cork,462-892-1553,Active
AID-2222-86,Cork,266-363-0877,Active
AID-0515-74,Cork,580-816-8258,Active
AID-6424-29,Galway,415-145-0716,Active
AID-4832-20,Dublin,291-569-4794,Active
AID-1476-84,Cork,744-642-6409,Active
AID-4532-52,Galway,711-555-0632,Active
AID-4828-13,Cork,841-767-0279,Active
AID-2376-63,Cork,431-624-3178,Active
AID-8960-57,Galway,359-147-5777,Active
AID-1605-91,Cork,197-958-8392,Active
AID-9283-30,Cork,368-890-6334,Active
AID-1418-35,Cork,876-391-7927,Active
AID-7197-70,Dublin,570-963-7319,Active
AID-2032-58,Cork,680-633-7033,Active
AID-4090-19,Cork,922-447-1826,Active
AID-3578-52,Galway,852-367-9914,Active
AID-0299-42,Cork,991-561-4985,Active
AID-0353-66,Cork,220-730-4378,Active
AID-6381-18,Galway,347-958-2961,Active
AID-0672-70,Dublin,813-111-6039,Active
AID-2902-68,Limerick,595-830-7579,Active
AID-5221-64,Cork,610-738-2596,Active
AID-3326-18,Dublin,357-420-9176,Active
AID-4711-03,Swords,662-682-1822,Active
AID-0319-29,Limerick,936-661-8407,Active
AID-6179-41,Cork,257-798-8820,Active
AID-3389-21,Galway,502-170-3529,Active
AID-3169-81,Galway,216-730-6555,Active
AID-8213-08,Cork,748-424-7693,Active
AID-2229-91,Dublin,104-527-3785,Active
AID-6598-74,Swords,557-164-1519,Active
AID-8934-93,Galway,520-181-3059,Active
AID-8322-94,Naas,906-585-7868,Active
AID-2043-61,Swords,410-925-9105,Active
AID-8329-36,Cork,643-263-4025,Active
AID-7655-56,Cork,762-642-3277,Active
AID-6256-21,Galway,717-475-1309,Active
AID-2941-44,Galway,396-196-3777,Active
AID-2859-59,Galway,477-265-2017,Active
AID-2759-92,Galway,968-553-3380,Active
AID-5741-32,Cork,341-513-1232,Active
AID-8118-70,Cork,358-326-2459,Active
AID-1028-56,Cork,765-889-6221,Active
AID-7867-64,Cork,197-321-7890,Active
AID-2833-44,Cork,473-462-0001,Active
AID-4501-15,Cork,901-842-3941,Active
AID-1098-63,Dublin,951-977-7946,Active
AID-1630-46,Galway,868-714-5251,Active
AID-7246-83,Cork,901-651-8171,Active
AID-8373-77,Cork,773-751-7703,Active
AID-0039-51,Cork,852-685-6165,Active
AID-0197-35,Swords,808-167-9383,Active
AID-5809-57,Cork,577-520-4719,Active
AID-9304-39,Swords,415-173-4593,Active
AID-4054-10,Cork,930-836-3835,Active
AID-9513-29,Cork,219-535-4078,Active
AID-2858-43,Naas,939-447-5567,Active
AID-6215-46,Cork,586-406-3235,Active
AID-3164-06,Cork,110-352-2842,Active
AID-0098-72,Shannon,545-102-5724,Active
AID-6187-15,Galway,335-808-6428,Active
AID-2794-38,Cork,668-614-7777,Active
AID-0806-04,Cork,214-730-2204,Active
AID-2993-32,Cork,219-138-4602,Active
AID-4684-17,Galway,770-885-1767,Active
AID-7943-13,Cork,333-429-9418,Active
AID-4814-13,Dublin,401-771-1551,Active
AID-4834-63,Cork,200-323-1178,Active
AID-2839-81,Cork,446-832-1286,Active
AID-6030-24,Galway,295-757-4151,Active
AID-6051-79,Cork,210-614-6438,Active
AID-8204-23,Galway,209-716-8052,Active
AID-1871-64,Cork,362-634-2924,Active
AID-2787-95,Cork,495-459-6595,Active
AID-0864-41,Cork,621-804-5550,Active
AID-1697-74,Dublin,200-659-8839,Active
AID-5153-22,Naas,973-738-8523,Active
AID-1217-82,Galway,178-955-4578,Active
AID-7287-65,Galway,921-521-1164,Active
AID-9582-25,Galway,218-891-1518,Active
AID-6778-43,Cork,781-384-4893,Active
AID-8011-86,Cork,200-948-0460,Active
AID-3526-78,Cork,166-787-8440,Active
AID-6923-22,Cork,310-752-9483,Active
AID-4391-76,Galway,144-779-8506,Active
AID-2667-91,Cork,935-433-2366,Active
AID-2186-08,Cork,434-166-1045,Active
AID-9638-09,Galway,247-192-8546,Active
AID-9768-46,Galway,914-757-3910,Active
AID-6702-22,Swords,659-104-1141,Active
AID-1716-21,Cork,534-314-6504,Active
AID-9753-15,Dublin,253-229-6724,Active
AID-9826-61,Cork,500-738-6056,Active
AID-9882-21,Cork,424-972-1802,Active
AID-2183-59,Cork,877-664-8868,Active
AID-7258-97,Cork,966-673-0230,Active
AID-5245-29,Galway,871-174-6691,Active
AID-9858-41,Cork,735-177-1984,Active
AID-4641-34,Naas,904-284-0670,Active
AID-2744-55,Cork,302-464-1478,Active
AID-3738-47,Cork,647-361-1464,Active
AID-8274-76,Galway,315-252-3617,Active
AID-8988-93,Naas,879-670-8594,Active
AID-6571-73,Dublin,858-220-7173,Active
AID-8727-03,Dublin,623-657-0498,Active
AID-6637-32,Galway,579-250-0394,Active
AID-4318-89,Cork,101-233-0670,Active
AID-2133-04,Cork,136-759-1635,Active
AID-4078-36,Cork,144-312-5898,Active
AID-9122-00,Cork,436-183-5844,Active
AID-1891-57,Swords,193-850-8673,Active
AID-0693-25,Galway,532-383-3583,Active
AID-5795-95,Cork,320-587-7782,Active
AID-7146-40,Dublin,915-175-2117,Active
AID-4431-65,Dublin,351-124-8869,Active
AID-5731-42,Limerick,221-701-8780,Active
AID-4087-37,Swords,575-736-7470,Active
AID-3548-73,Cork,290-154-1697,Active
AID-2667-85,Dublin,189-144-8422,Active
AID-6215-26,Cork,865-802-5024,Active
AID-5370-71,Cork,230-474-1555,Active
AID-2820-66,Cork,344-611-4141,Active
AID-2608-92,Dublin,605-277-2293,Active
AID-9103-51,Galway,327-117-0601,Active
AID-5881-98,Cork,324-182-1449,Active
AID-3944-03,Cork,502-871-0605,Active
AID-9234-62,Galway,254-414-9716,Active
AID-5866-11,Cork,946-522-4088,Active
AID-6602-10,Cork,412-977-4201,Active
AID-2088-14,Cork,807-665-1945,Active
AID-3268-18,Galway,744-290-0732,Active
AID-4453-57,Cork,627-279-3180,Active
AID-1482-08,Dublin,792-989-8103,Active
AID-7690-25,Galway,848-583-6024,Active
AID-5990-49,Galway,652-394-1979,Active
AID-9679-58,Cork,940-717-8859,Active
AID-0466-52,Galway,761-913-5867,Active
AID-8118-59,Cork,158-176-3794,Active
AID-6168-81,Cork,975-362-6305,Active
AID-1125-13,Cork,819-877-2394,Active
AID-4701-00,Cork,916-702-9135,Active
AID-0868-77,Galway,348-999-7107,Active
AID-5978-24,Naas,787-240-8507,Active
AID-4680-92,Galway,626-751-1261,Active
AID-8337-54,Cork,199-545-8156,Active
AID-8228-04,Naas,119-735-5593,Active
AID-4900-62,Galway,138-892-4982,Active
AID-5703-63,Dublin,880-414-5114,Active
AID-3039-45,Cork,483-388-6067,Active
AID-1543-76,Galway,815-774-4992,Active
AID-1936-10,Dublin,853-762-4246,Active
AID-9827-43,Galway,363-261-1777,Active
AID-1462-81,Galway,742-953-2583,Active
AID-6324-56,Galway,956-427-7017,Active
AID-9487-56,Cork,596-893-7106,Active
AID-8156-79,Cork,298-932-7484,Active
AID-3404-14,Cork,200-195-3132,Active
AID-5466-86,Cork,146-748-2123,Active
AID-2041-11,Dublin,735-192-5161,Active
AID-3367-02,Dublin,850-318-3025,Active
AID-3905-77,Galway,894-589-5085,Active
AID-6828-29,Galway,955-769-9772,Active
AID-5083-92,Cork,586-343-2457,Active
AID-0464-92,Cork,806-665-8503,Active
AID-4731-93,Limerick,352-934-9462,Active
AID-8833-16,Cork,421-921-9452,Active
AID-2261-06,Swords,816-254-5383,Active
AID-7148-74,Galway,235-609-7363,Active
AID-3026-85,Galway,569-322-4089,Active
AID-6872-36,Galway,246-534-2253,Active
AID-3273-53,Swords,140-713-9145,Active
AID-2380-44,Cork,702-435-0566,Active
AID-7915-36,Galway,333-505-9754,Active
AID-3819-57,Cork,787-771-3463,Active
AID-2494-65,Cork,199-925-8502,Active
AID-8356-30,Cork,774-193-2439,Active
AID-1610-22,Cork,188-516-2524,Active
AID-5225-37,Swords,555-865-3340,Active
AID-9906-57,Dublin,630-890-5043,Active
AID-3968-91,Cork,344-623-2206,Active
AID-1553-08,Cork,119-757-3207,Active
AID-0182-61,Cork,928-876-9634,Active
AID-1151-59,Cork,442-569-6953,Active
AID-3574-06,Cork,545-688-3424,Active
AID-8349-35,Swords,461-836-8294,Active
AID-9446-91,Galway,552-634-1541,Active
AID-4204-81,Galway,791-801-9422,Active
AID-7344-17,Dublin,818-303-7752,Active
AID-7468-84,Cork,755-292-7621,Active
AID-5242-04,Cork,195-156-3046,Active
AID-3288-99,Shannon,323-406-8183,Active
AID-9720-98,Naas,283-472-3210,Active
AID-4234-08,Cork,701-622-3684,Active
AID-7409-13,Galway,458-952-0021,Active
AID-3268-57,Cork,629-825-7459,Active
AID-2336-60,Naas,498-452-6216,Active
AID-3527-90,Dublin,966-578-0746,Active
AID-9743-70,Cork,709-281-7820,Active
AID-2959-44,Dublin,866-912-1126,Active
AID-0039-50,Cork,773-175-9010,Active
AID-0112-06,Cork,985-863-3996,Active
AID-9778-19,Swords,416-106-0742,Active
AID-8325-11,Swords,131-993-7121,Active
AID-3411-98,Cork,385-234-9487,Active
AID-8162-90,Cork,649-650-6435,Active
AID-3217-92,Cork,830-248-4285,Active
AID-6695-51,Galway,324-522-2822,Active
AID-1829-01,Cork,215-461-6212,Active
AID-1762-38,Cork,205-222-3037,Active
AID-9706-11,Cork,494-338-8568,Active
AID-1553-63,Cork,196-274-8972,Active
AID-0552-27,Dublin,584-855-3229,Active
AID-7423-60,Cork,803-796-1826,Active
AID-2532-54,Cork,767-275-2279,Active
AID-1422-10,Cork,691-465-6302,Active
AID-6546-79,Galway,464-156-7945,Active
AID-3252-14,Galway,547-877-9315,Active
AID-4869-53,Dublin,191-112-2793,Active
AID-3421-45,Cork,536-775-5784,Active
AID-0179-92,Cork,709-445-9393,Active
AID-7400-01,Cork,409-523-5702,Active
AID-4433-52,Galway,149-774-6776,Active
AID-1961-63,Galway,722-842-2122,Active
AID-1526-71,Limerick,516-334-9045,Active
AID-0071-14,Galway,320-170-0561,Active
AID-8305-29,Shannon,292-731-4538,Active
AID-1986-79,Limerick,542-527-0506,Active
AID-9331-74,Galway,158-148-9525,Active
AID-5852-80,Galway,159-457-7477,Active
AID-0082-34,Galway,406-238-4585,Active
AID-4109-50,Cork,170-664-1594,Active
AID-7397-92,Cork,713-656-8450,Active
AID-9138-22,Limerick,290-959-5548,Active
AID-2057-74,Naas,914-613-8031,Active
AID-5574-20,Cork,669-383-0565,Active
AID-7869-35,Limerick,320-644-4226,Active
AID-6937-01,Dublin,208-814-4389,Active
AID-3834-98,Galway,469-744-4199,Active
AID-6557-63,Shannon,218-963-2307,Active
AID-5988-57,Cork,743-695-5547,Active
AID-5563-36,Galway,754-147-2331,Active
AID-7827-77,Cork,162-933-5734,Active
AID-1036-07,Cork,875-753-6097,Active
AID-6036-20,Dublin,697-868-0002,Active
AID-7552-29,Galway,404-462-4831,Active
AID-1771-58,Galway,766-914-9232,Active
AID-7385-87,Cork,850-750-5664,Active
AID-1534-75,Dublin,486-172-2373,Active
AID-2653-90,Galway,587-912-4497,Active
AID-5502-55,Cork,393-186-8273,Active
AID-1001-83,Cork,128-790-0962,Active
AID-1812-53,Galway,424-857-5815,Active
AID-0229-08,Cork,674-180-9295,Active
AID-0311-30,Cork,168-580-7791,Active
AID-6929-35,Dublin,754-723-7735,Active
AID-1027-30,Cork,851-522-5736,Active
AID-5228-30,Cork,379-485-6988,Active
AID-8465-77,Cork,915-842-2273,Active
AID-8244-42,Dublin,353-926-2205,Active
AID-7501-75,Cork,956-566-6785,Active
AID-2830-72,Cork,467-794-4789,Active
AID-5512-82,Swords,675-661-2335,Active
AID-4145-80,Naas,895-105-0704,Active
AID-5870-79,Galway,641-403-6875,Active
AID-7547-60,Dublin,350-347-0562,Active
AID-2928-57,Galway,438-770-2787,Active
AID-8344-21,Dublin,978-629-6662,Active
AID-9451-22,Cork,259-759-4705,Active
AID-9591-06,Cork,774-261-8631,Active
AID-5303-26,Galway,381-292-0850,Active
AID-7098-00,Galway,496-339-9639,Active
AID-7577-67,Galway,752-193-8897,Active
AID-7285-03,Galway,739-584-6818,Active
AID-5381-89,Cork,478-492-0981,Active
AID-0666-81,Galway,737-622-3615,Active
AID-4067-65,Cork,771-729-6541,Active
AID-5989-28,Limerick,174-767-0020,Active
AID-8910-06,Cork,999-510-1347,Active
AID-0999-72,Dublin,331-129-5236,Active
AID-4548-37,Cork,597-658-0490,Active
AID-5059-07,Galway,212-179-9900,Active
AID-0910-49,Galway,667-134-9412,Active
AID-9432-05,Galway,910-764-3154,Active
AID-7140-51,Cork,675-537-2629,Active
AID-5573-38,Cork,701-432-9982,Active
AID-4795-62,Cork,548-249-0790,Active
AID-6953-02,Galway,481-553-8972,Active
AID-9282-44,Cork,589-153-4284,Active
AID-2351-52,Galway,509-217-9314,Active
AID-2997-45,Galway,391-495-8319,Active
AID-4102-54,Cork,943-492-3980,Active
AID-0489-48,Galway,668-658-9676,Active
AID-2706-06,Galway,404-811-4396,Active
AID-4945-52,Galway,375-224-4020,Active
AID-3120-75,Galway,816-509-2688,Active
AID-6412-94,Naas,445-806-5247,Active
AID-2821-02,Galway,588-634-9462,Active
AID-0915-99,Cork,756-384-3232,Active
AID-2776-71,Cork,501-440-2354,Active
AID-2398-55,Naas,782-997-7200,Active
AID-0371-40,Cork,216-628-3658,Active
AID-2153-94,Dublin,375-515-1256,Active
AID-5012-75,Cork,500-477-7653,Active
AID-2348-72,Cork,105-507-4824,Active
AID-3016-43,Cork,513-379-0448,Active
AID-2712-57,Swords,717-302-2449,Active
AID-6778-27,Galway,236-246-7985,Active
AID-1307-59,Galway,470-678-7345,Active
AID-3314-89,Cork,817-124-2344,Active
AID-5937-62,Galway,975-777-4206,Active
AID-4151-81,Swords,527-859-6467,Active
AID-9912-28,Galway,323-101-6190,Active
AID-2733-52,Cork,467-979-3691,Active
AID-5740-37,Galway,150-874-4602,Active
AID-0739-57,Cork,488-324-0054,Active
AID-8769-18,Cork,998-927-1275,Active
AID-3511-80,Galway,354-640-7447,Active
AID-9818-12,Cork,943-225-4965,Active
AID-3508-54,Cork,455-410-4035,Active
AID-8391-64,Swords,165-474-7900,Active
AID-9016-29,Cork,772-564-8176,Active
AID-5175-77,Cork,695-614-8297,Active
AID-7406-57,Dublin,825-359-6870,Active
AID-6207-01,Galway,791-127-1411,Active
AID-6780-72,Dublin,641-933-6838,Active
AID-5022-73,Cork,979-807-2946,Active
AID-6177-56,Dublin,539-117-5179,Active
AID-4302-06,Cork,816-162-0066,Active
AID-3518-76,Galway,963-954-4943,Active
AID-7340-26,Galway,309-335-9168,Active
AID-8899-00,Cork,478-239-1038,Active
AID-0362-22,Cork,798-641-7747,Active
AID-6126-96,Cork,527-173-2805,Active
AID-4238-23,Dublin,266-788-8603,Active
AID-3309-45,Galway,170-752-5533,Active
AID-6595-30,Cork,407-866-8211,Active
AID-2547-44,Galway,234-258-1383,Active
AID-6561-37,Dublin,953-301-9377,Active
AID-6387-79,Swords,847-489-3857,Active
AID-0910-05,Galway,203-921-4781,Active
AID-2968-74,Cork,194-321-1974,Active
AID-2908-10,Cork,607-932-7492,Active
AID-7100-60,Cork,456-968-9731,Active
AID-5675-80,Galway,487-496-7825,Active
AID-9597-08,Cork,454-452-8915,Active
AID-6244-94,Galway,147-273-0293,Active
AID-8389-70,Cork,139-867-0658,Active
AID-6789-88,Cork,448-440-6195,Active
AID-7042-30,Dublin,876-759-4651,Active
AID-9538-74,Galway,904-313-6001,Active
AID-4415-51,Cork,201-584-9561,Active
AID-2042-52,Swords,357-248-1035,Active
AID-6609-01,Galway,237-673-0614,Active
AID-1853-28,Galway,848-364-1105,Active
AID-6787-83,Galway,679-506-4634,Active
AID-0547-10,Cork,151-322-2926,Active
AID-2162-45,Cork,170-599-0086,Active
AID-5567-93,Naas,616-150-3914,Active
AID-3729-64,Swords,782-356-7621,Active
AID-0583-21,Cork,503-960-4975,Active
AID-8542-71,Cork,536-321-7642,Active
AID-0181-25,Dublin,397-123-1177,Active
AID-8878-63,Cork,160-652-0343,Active
AID-8927-83,Galway,933-417-7223,Active
AID-6373-35,Swords,704-510-7672,Active
AID-8781-37,Galway,730-479-3916,Active
AID-4078-38,Dublin,147-682-1951,Active
AID-5142-54,Galway,575-758-2942,Active
AID-9405-91,Galway,894-510-4807,Active
AID-4803-43,Swords,713-923-6978,Active
AID-3079-78,Galway,282-656-0693,Active
AID-5905-75,Galway,260-395-9032,Active
AID-3132-85,Cork,527-770-6822,Active
AID-3392-45,Cork,292-943-7434,Active
AID-5682-91,Galway,276-940-7929,Active
AID-3395-69,Cork,130-853-2346,Active
AID-7179-88,Cork,453-791-5088,Active
AID-6986-30,Galway,807-710-8389,Active
AID-8104-17,Cork,556-304-4409,Active
AID-6153-17,Galway,392-861-5031,Active
AID-3344-07,Dublin,774-532-1972,Active
AID-7451-61,Cork,528-588-8437,Active
AID-2868-94,Cork,422-303-8682,Active
AID-2928-80,Cork,757-616-2897,Active
AID-2156-39,Galway,253-126-4623,Active
AID-2165-99,Cork,205-896-3682,Active
AID-5289-73,Galway,945-838-4079,Active
AID-8551-92,Dublin,407-309-8605,Active
AID-3282-94,Cork,907-955-3208,Active
AID-1914-56,Galway,111-653-7810,Active
AID-6599-40,Cork,430-862-5370,Active
AID-3470-17,Cork,810-981-4175,Active
AID-7274-89,Galway,247-391-4815,Active
AID-1577-65,Carlow,186-485-1180,Active
AID-8303-90,Cork,220-153-3091,Active
AID-9489-83,Dublin,592-141-9876,Active
AID-7868-37,Cork,617-762-0638,Active
AID-7717-64,Galway,117-734-9418,Active
AID-8851-78,Dublin,182-187-4772,Active
AID-0376-76,Cork,708-168-6953,Active
AID-6607-38,Galway,136-435-4298,Active
AID-4678-28,Cork,173-616-6342,Active
AID-4203-46,Swords,426-476-9302,Active
AID-3268-45,Cork,758-405-0325,Active
AID-9326-75,Cork,968-158-2900,Active
AID-5975-62,Galway,428-852-9354,Active
AID-7015-27,Dublin,945-613-3754,Active
AID-1324-42,Limerick,891-609-8118,Active
AID-8249-74,Galway,411-968-9953,Active
AID-2716-47,Cork,955-496-3994,Active
AID-9917-30,Limerick,655-587-3594,Active
AID-8132-08,Galway,167-275-7094,Active
AID-5661-81,Dublin,583-123-8459,Active
AID-6715-56,Galway,545-541-9247,Active
AID-4880-61,Galway,949-778-8642,Active
AID-0723-81,Galway,590-479-2633,Active
AID-4230-32,Cork,281-193-0687,Active
AID-4432-42,Naas,378-881-4630,Active
AID-2498-69,Galway,885-142-4629,Active
AID-1964-31,Cork,740-202-8851,Active
AID-4175-93,Cork,776-502-5864,Active
AID-0861-27,Galway,834-318-2617,Active
AID-7947-71,Cork,661-248-3018,Active
AID-6451-77,Galway,978-226-0567,Active
AID-8413-71,Galway,167-764-8859,Active
AID-1801-24,Swords,591-738-5536,Active
AID-4653-58,Dublin,901-156-8494,Active
AID-3212-48,Dublin,788-140-8206,Active
AID-0889-76,Cork,694-221-5101,Active
AID-3615-23,Galway,637-909-1090,Active
AID-0614-77,Cork,843-799-8224,Active
AID-9553-78,Cork,544-251-4325,Active
AID-4486-56,Cork,805-581-5757,Active
AID-0637-57,Cork,446-420-6022,Active
AID-2912-28,Cork,692-944-7027,Active
AID-7017-18,Cork,824-809-6624,Active
AID-9361-87,Galway,426-201-6386,Active
AID-2368-59,Galway,173-306-7716,Active
AID-0563-94,Galway,612-455-8745,Active
AID-0449-39,Cork,124-283-0543,Active
AID-8535-37,Dublin,605-804-5819,Active
AID-6305-14,Cork,697-387-4372,Active
AID-2223-23,Cork,644-209-5020,Active
AID-5313-81,Galway,952-642-7522,Active
AID-5329-83,Cork,249-944-6499,Active
AID-2186-09,Cork,766-616-4889,Active
AID-1060-58,Swords,989-216-9095,Active
AID-9722-47,Galway,137-291-1556,Active
AID-5031-84,Cork,580-749-0914,Active
AID-5455-76,Galway,695-113-8579,Active
AID-8433-74,Dublin,253-920-6268,Active
AID-4438-92,Cork,436-387-9869,Active
AID-4884-78,Cork,141-830-5814,Active
AID-8625-59,Cork,640-784-5013,Active
AID-9096-10,Cork,118-975-2751,Active
AID-1579-22,Cork,367-134-0419,Active
AID-2790-99,Lismore,968-604-0666,Active
AID-5281-94,Cork,271-130-7085,Active
AID-9880-65,Swords,385-959-9940,Active
AID-7146-13,Cork,123-826-2319,Active
AID-5537-96,Galway,888-732-0473,Active
AID-0983-31,Naas,625-235-6075,Active
AID-6262-59,Cork,740-441-0557,Active
AID-9790-55,Dublin,838-656-8226,Active
AID-5072-82,Cork,993-747-8160,Active
AID-1650-93,Cork,805-118-2445,Active
AID-8245-04,Dublin,680-858-6171,Active
AID-3990-91,Galway,666-593-8549,Active
AID-1730-15,Cork,444-989-6087,Active
AID-0652-56,Galway,261-936-5875,Active
AID-6604-60,Galway,601-206-5274,Active
AID-3665-34,Galway,264-950-0962,Active
AID-4599-67,Cork,665-521-5101,Active
AID-7155-67,Cork,860-405-2037,Active
AID-9638-84,Cork,156-948-7909,Active
AID-7852-49,Dublin,861-219-9896,Active
AID-8006-71,Cork,413-955-5971,Active
AID-7961-26,Cork,111-478-6466,Active
AID-3649-14,Lismore,844-954-3590,Active
AID-9061-06,Swords,319-321-1703,Active
AID-2642-68,Swords,506-323-5854,Active
AID-7685-30,Cork,195-198-4491,Active
AID-0965-33,Cork,302-421-7313,Active
AID-9359-21,Galway,422-990-1610,Active
AID-9232-05,Swords,213-369-5273,Active
AID-7441-49,Cork,623-145-7704,Active
AID-8597-79,Dublin,938-126-6954,Active
AID-0333-96,Galway,273-333-9043,Active
AID-1848-09,Galway,723-842-6177,Active
AID-9540-41,Swords,582-966-1082,Active
AID-5149-52,Cork,168-373-7510,Active
AID-5205-13,Cork,917-774-0444,Active
AID-6259-50,Naas,305-893-8345,Active
AID-7960-99,Cork,896-835-6578,Active
AID-8216-60,Cork,207-128-0036,Active
AID-8077-05,Galway,822-945-9353,Active
AID-4263-58,Galway,299-642-1685,Active
AID-0756-46,Galway,159-818-4615,Active
AID-6926-65,Cork,174-237-0420,Active
AID-8547-04,Galway,818-195-7677,Active
AID-3050-99,Cork,638-174-0013,Active
AID-7934-90,Galway,387-582-1412,Active
AID-4516-98,Cork,290-415-3428,Active
AID-7989-29,Cork,857-303-4920,Active
AID-3884-87,Cork,804-313-7836,Active
AID-0655-15,Swords,949-171-2770,Active
AID-0216-49,Cork,832-734-6469,Active
AID-4225-93,Galway,296-432-6650,Active
AID-1388-18,Limerick,899-368-9765,Active
AID-1352-55,Cork,418-684-6555,Active
AID-4370-34,Cork,442-882-9863,Active
AID-3060-56,Cork,451-735-4087,Active
AID-6807-91,Cork,995-668-1562,Active
AID-4414-01,Cork,746-870-3742,Active
AID-2131-28,Dublin,514-561-4715,Active
AID-7263-08,Swords,487-705-2369,Active
AID-7449-31,Cork,754-479-8959,Active
AID-0381-72,Cork,142-996-2148,Active
AID-4001-27,Cork,517-809-7474,Active
AID-6326-16,Galway,611-967-2046,Active
AID-4396-60,Galway,956-319-3026,Active
AID-6604-42,Dublin,577-451-1141,Active
AID-5211-51,Cork,148-497-8893,Active
AID-6726-95,Swords,506-273-2019,Active
AID-6003-67,Dublin,376-270-2888,Active
AID-7693-40,Cork,156-317-4929,Active
AID-7922-34,Cork,223-932-0059,Active
AID-5672-78,Cork,414-459-8744,Active
AID-9630-43,Shannon,607-526-4528,Active
AID-0602-40,Galway,103-875-3202,Active
AID-6060-43,Cork,564-784-5780,Active
AID-9486-32,Galway,976-760-3309,Active
AID-4218-27,Cork,453-394-0536,Active
AID-4106-20,Cork,348-221-9522,Active
AID-0632-09,Swords,696-374-9391,Active
AID-3994-52,Cork,525-411-4825,Active
AID-1059-26,Dublin,809-182-6336,Active
AID-2399-53,Galway,995-584-2717,Active
AID-3239-16,Dublin,749-692-8279,Active
AID-8790-08,Galway,365-700-3801,Active
AID-4010-42,Galway,780-913-2844,Active
AID-6494-39,Galway,426-898-0110,Active
AID-0248-41,Dublin,420-290-4262,Active
AID-1612-41,Cork,113-430-1378,Active
AID-9766-87,Cork,585-876-5769,Active
AID-4154-15,Cork,632-595-3434,Active
AID-4362-16,Lismore,224-454-5284,Active
AID-2520-85,Galway,708-270-6285,Active
AID-6316-27,Galway,998-112-6021,Active
AID-6111-83,Galway,457-260-5631,Active
AID-0454-50,Cork,433-536-8624,Active
AID-1715-73,Dublin,415-605-6462,Active
AID-2763-93,Cork,831-603-2506,Active
AID-1909-89,Dublin,909-504-1585,Active
AID-3098-48,Cork,326-839-4027,Active
AID-0933-29,Naas,605-492-6539,Active
AID-7321-31,Galway,296-885-0444,Active
AID-6326-82,Cork,186-484-0352,Active
AID-0615-48,Cork,248-325-6820,Active
AID-3297-83,Cork,123-394-8863,Active
AID-3401-76,Cork,782-341-2060,Active
AID-0887-77,Cork,329-424-2682,Active
AID-8064-71,Dublin,533-540-1750,Active
AID-0873-86,Galway,226-146-4354,Active
AID-8976-21,Cork,807-203-5843,Active
AID-4490-18,Swords,381-461-4788,Active
AID-9910-36,Swords,607-438-1031,Active
AID-6004-46,Swords,152-446-7379,Active
AID-0921-22,Galway,409-753-5069,Active
AID-5039-85,Cork,547-167-5431,Active
AID-4773-95,Cork,227-469-0473,Active
AID-3652-30,Cork,515-824-0656,Active
AID-3224-55,Limerick,463-798-1299,Active
AID-8837-65,Cork,742-384-9694,Active
AID-7471-90,Dublin,394-435-2139,Active
AID-2144-18,Galway,699-115-8843,Active
AID-5821-04,Dublin,512-547-3915,Active
AID-4820-66,Cork,846-169-0723,Active
AID-9024-05,Cork,697-258-0146,Active
AID-9638-27,Dublin,542-214-2801,Active
AID-6192-48,Cork,506-930-6178,Active
AID-0359-98,Cork,743-862-4559,Active
AID-5824-13,Cork,915-801-4332,Active
AID-6025-23,Cork,972-662-3075,Active
AID-8739-04,Cork,236-902-9757,Active
AID-3524-05,Naas,850-714-7117,Active
AID-4905-96,Cork,887-281-7224,Active
AID-6467-20,Swords,847-504-3041,Active
AID-1488-39,Cork,261-955-9589,Active
AID-4759-80,Galway,255-135-1579,Active
AID-2932-43,Dublin,973-173-3204,Active
AID-9254-08,Dublin,907-999-1913,Active
AID-1105-50,Limerick,747-329-4383,Active
AID-0549-98,Galway,291-398-3509,Active
AID-9808-13,Cork,652-632-8911,Active
AID-1481-04,Cork,109-510-3755,Active
AID-7782-04,Galway,957-231-5535,Active
AID-8329-51,Galway,845-484-0786,Active
AID-0399-66,Shannon,786-576-7126,Active
AID-5358-79,Galway,419-244-1169,Active
AID-0094-07,Cork,279-724-5703,Active
AID-5263-92,Cork,398-524-7109,Active
AID-1083-87,Dublin,793-733-3609,Active
AID-1583-98,Swords,346-640-2716,Active
AID-9385-08,Dublin,776-761-3905,Active
AID-3842-01,Cork,608-110-6603,Active
AID-7986-92,Cork,776-730-6945,Active
AID-0941-16,Naas,798-278-7179,Active
AID-2721-04,Cork,251-404-6775,Active
AID-9272-79,Cork,118-695-3424,Active
AID-7891-50,Galway,832-225-0679,Active
AID-3915-90,Cork,735-545-9609,Active
AID-5151-82,Dublin,524-305-8012,Active
AID-5891-36,Cork,741-741-8981,Active
AID-2526-75,Cork,462-680-8724,Active
AID-2113-92,Cork,769-209-5318,Active
AID-4257-26,Cork,237-958-3900,Active
AID-0153-87,Cork,892-556-1713,Active
AID-0277-47,Cork,421-862-9791,Active
AID-6604-88,Dublin,913-117-0190,Active
AID-9664-96,Galway,330-261-8262,Active
AID-4413-48,Dublin,908-366-5655,Active
AID-7477-84,Galway,404-627-2532,Active
AID-3128-60,Dublin,257-677-1346,Active
AID-2464-49,Swords,586-717-3996,Active
AID-8444-32,Cork,321-470-1615,Active
AID-8652-16,Cork,487-846-1214,Active
AID-4778-27,Cork,554-819-7485,Active
AID-5285-57,Cork,730-737-9582,Active
AID-4805-67,Cork,394-870-2546,Active
AID-9422-96,Cork,142-604-3688,Active
AID-8110-42,Cork,940-667-1961,Active
AID-7682-62,Dublin,141-551-5130,Active
AID-4981-39,Dublin,418-548-0582,Active
AID-6669-81,Galway,839-692-5616,Active
AID-5553-70,Cork,865-521-3607,Active
AID-2883-97,Cork,763-334-9442,Active
AID-1251-17,Cork,369-367-0304,Active
AID-4898-34,Cork,928-377-6375,Active
AID-5725-35,Galway,592-675-3561,Active
AID-8806-45,Cork,666-534-1972,Active
AID-2718-85,Galway,901-648-2910,Active
AID-0583-79,Dublin,586-854-5414,Active
AID-4572-70,Cork,257-623-2290,Active
AID-1355-04,Galway,812-433-6910,Active
AID-4255-06,Cork,247-928-8262,Active
AID-1847-44,Galway,848-938-9519,Active
AID-8213-61,Galway,203-556-8079,Active
AID-6827-73,Cork,595-991-8412,Active
AID-4012-79,Cork,187-981-7379,Active
AID-2070-98,Cork,120-979-9548,Active
AID-0309-56,Cork,399-671-3345,Active
AID-6395-16,Galway,329-359-3811,Active
AID-6953-26,Swords,347-669-8798,Active
AID-8695-21,Dublin,335-391-2438,Active
AID-7151-18,Cork,121-190-9924,Active
AID-5249-91,Dublin,375-869-0937,Active
AID-5279-57,Galway,962-970-0309,Active
AID-3874-18,Galway,333-836-8905,Active
AID-1281-23,Cork,568-847-6155,Active
AID-1651-53,Galway,798-778-2639,Active
AID-9368-60,Cork,876-541-9784,Active
AID-7938-43,Cork,379-221-0243,Active
AID-1944-32,Cork,646-466-7789,Active
AID-6709-59,Dublin,731-855-5412,Active
AID-8261-71,Cork,283-463-9272,Active
AID-9857-87,Cork,385-918-5172,Active
AID-5199-10,Dublin,561-417-1932,Active
AID-5488-27,Galway,809-229-3417,Active
AID-2747-79,Cork,994-683-3450,Active
AID-8059-52,Cork,567-698-7293,Active
AID-6286-89,Galway,508-174-4666,Active
AID-9868-47,Galway,713-363-0625,Active
AID-9538-75,Cork,554-579-9223,Active
AID-7381-20,Dublin,414-285-3412,Active
AID-8382-97,Cork,137-797-9567,Active
AID-8494-80,Swords,917-638-8174,Active
AID-8518-34,Galway,557-377-0303,Active
AID-0286-29,Cork,312-981-5370,Active
AID-1185-92,Galway,419-358-7577,Active
AID-6818-15,Cork,768-201-8437,Active
AID-1828-34,Swords,136-865-3653,Active
AID-7809-46,Galway,619-823-0758,Active
AID-7808-81,Swords,250-990-9414,Inactive
AID-9987-07,Cork,742-731-1171,Inactive
AID-2767-99,Cork,891-144-4083,Inactive
AID-4053-76,Cork,390-714-8623,Inactive
AID-7610-09,Naas,222-482-8149,Inactive
AID-0993-64,Swords,193-930-9879,Inactive
AID-6053-48,Galway,602-211-6674,Inactive
AID-6787-30,Galway,145-340-5363,Inactive
AID-9351-92,Galway,748-478-8189,Inactive
AID-9848-10,Galway,688-293-7638,Inactive
AID-5725-43,Cork,171-783-0557,Inactive
AID-7836-49,Swords,547-164-0465,Inactive
AID-5986-88,Lismore,102-546-6220,Inactive
AID-2359-83,Galway,389-673-8275,Inactive
AID-5086-80,Limerick,505-217-4834,Inactive
AID-7147-06,Cork,843-889-2933,Inactive
AID-2445-63,Cork,395-466-7991,Inactive
AID-3433-54,Naas,205-976-3086,Inactive
AID-1866-38,Galway,937-598-6808,Inactive
AID-5235-74,Naas,480-671-8440,Inactive
AID-2749-81,Cork,963-372-1051,Inactive
AID-3907-15,Dublin,783-135-8097,Inactive
AID-7315-69,Swords,740-584-1065,Inactive
AID-2177-37,Cork,997-401-5716,Inactive
AID-8120-55,Galway,925-578-0462,Inactive
AID-4126-38,Galway,549-465-0837,Inactive
AID-5104-55,Cork,185-169-8350,Inactive
AID-1616-78,Galway,830-558-2891,Inactive
AID-1153-90,Galway,642-739-6049,Inactive
AID-3423-10,Cork,817-474-5511,Inactive
AID-3729-02,Galway,838-664-0920,Inactive
AID-4667-82,Cork,531-796-3317,Inactive
AID-4597-34,Dublin,925-856-2222,Inactive
AID-1086-33,Galway,582-905-9490,Inactive
AID-3706-96,Cork,356-569-1725,Inactive
AID-9517-22,Galway,446-803-9364,Inactive
AID-0892-99,Cork,151-797-2731,Inactive
AID-5272-60,Cork,788-857-6955,Inactive
AID-5085-14,Galway,415-582-7961,Inactive
AID-5761-37,Galway,892-958-8877,Inactive
AID-6274-88,Cork,225-205-8146,Inactive
AID-2928-95,Swords,716-161-5437,Inactive
AID-5053-36,Galway,646-604-4486,Inactive
AID-7455-84,Dublin,333-771-8311,Inactive
AID-6697-83,Cork,655-678-6272,Inactive
AID-3963-69,Galway,381-963-2845,Inactive
AID-0330-09,Galway,945-591-3668,Inactive
AID-3934-59,Dublin,482-856-8149,Inactive
AID-6314-25,Cork,328-255-8896,Inactive
AID-1572-39,Cork,652-325-6033,Inactive
AID-9263-32,Cork,100-482-9263,Inactive
AID-1789-51,Swords,880-308-7803,Inactive
AID-8974-11,Galway,458-585-7017,Inactive
AID-3515-79,Cork,902-755-7396,Inactive
AID-4905-90,Dublin,408-958-0392,Inactive
AID-9307-22,Dublin,498-993-3943,Inactive
AID-8226-91,Limerick,925-505-2222,Inactive
AID-4624-72,Galway,822-195-7924,Inactive
AID-9051-85,Galway,913-599-4954,Inactive
AID-8762-63,Swords,574-515-1393,Inactive
AID-1169-85,Cork,764-913-5933,Inactive
AID-2806-62,Cork,902-580-5475,Inactive
AID-2445-85,Dublin,433-878-0291,Inactive
AID-2280-63,Cork,510-179-5893,Inactive
AID-9389-19,Dublin,940-928-8275,Inactive
AID-8451-36,Shannon,910-900-0259,Inactive
AID-4403-59,Galway,793-485-9968,Inactive
AID-7146-94,Cork,462-118-9664,Inactive
AID-7785-62,Cork,331-219-7067,Inactive
AID-5685-22,Swords,652-794-0149,Inactive
AID-5264-10,Dublin,113-230-1940,Inactive
AID-5404-39,Cork,952-724-0826,Inactive
AID-0856-03,Cork,912-552-9077,Inactive
AID-8623-85,Dublin,255-720-2069,Inactive
AID-3546-38,Galway,570-378-2603,Inactive
AID-9266-42,Galway,537-380-3957,Inactive
AID-1297-09,Cork,540-385-1392,Inactive
AID-0771-51,Galway,260-174-2959,Inactive
AID-5776-47,Cork,272-435-3813,Inactive
AID-3356-59,Cork,338-110-2435,Inactive
AID-0850-61,Dublin,342-982-1508,Inactive
AID-4388-24,Swords,755-380-6702,Inactive
AID-4965-48,Galway,895-305-1929,Inactive
AID-5769-75,Galway,981-405-9713,Inactive
AID-3580-03,Cork,897-893-3101,Inactive
AID-1450-39,Cork,506-271-2238,Inactive
AID-7306-15,Galway,123-928-4786,Inactive
AID-6031-52,Galway,792-291-0145,Inactive
AID-6236-33,Galway,973-548-8353,Inactive
AID-4299-95,Cork,157-345-4184,Inactive
AID-6584-50,Dublin,312-938-5185,Inactive
AID-7363-72,Cork,721-428-8985,Inactive
AID-2055-78,Cork,599-162-0641,Inactive
AID-2815-50,Naas,968-532-3108,Inactive
AID-8870-65,Cork,585-821-8177,Inactive
AID-4880-04,Dublin,141-738-8777,Inactive
AID-5660-25,Cork,894-131-3667,Inactive
AID-1630-79,Cork,914-211-7903,Inactive
AID-1403-40,Cork,494-759-1553,Inactive
AID-5162-23,Cork,512-680-9067,Inactive
AID-5567-92,Dublin,982-545-3158,Inactive
AID-6504-52,Cork,973-919-3253,Inactive
AID-0754-33,Dublin,246-219-2170,Inactive
AID-0338-19,Cork,366-257-0452,Inactive
AID-1174-66,Cork,689-420-5607,Inactive
AID-2058-42,Galway,509-797-0234,Inactive
AID-0587-24,Cork,870-835-7663,Inactive
AID-0979-13,Galway,244-655-9101,Inactive
AID-5707-47,Galway,760-197-0321,Inactive
AID-7113-24,Cork,643-197-1349,Inactive
AID-4380-00,Cork,473-576-4449,Inactive
AID-3584-92,Galway,111-415-8437,Inactive
AID-6711-72,Cork,848-991-3534,Inactive
AID-9906-06,Swords,642-615-9177,Inactive
AID-2988-48,Cork,509-540-3118,Inactive
AID-6318-71,Galway,771-960-2898,Inactive
AID-7674-53,Dublin,976-433-9396,Inactive
AID-6643-25,Galway,716-151-6947,Inactive
AID-3655-43,Cork,706-880-8982,Inactive
AID-8699-01,Cork,356-618-4272,Inactive
AID-2268-07,Cork,675-102-2648,Inactive
AID-7547-75,Galway,176-266-4017,Inactive
AID-0223-61,Dublin,571-292-0933,Inactive
AID-3231-38,Galway,945-853-4528,Inactive
AID-0157-97,Dublin,815-129-8930,Inactive
AID-3602-90,Swords,198-978-7627,Inactive
AID-0384-13,Cork,960-682-6618,Inactive
AID-5498-80,Galway,271-701-1207,Inactive
AID-3633-32,Cork,330-654-8753,Inactive
AID-9055-09,Cork,919-519-6158,Inactive
AID-7100-11,Cork,278-671-3669,Inactive
AID-6671-84,Cork,486-449-0286,Inactive
AID-1842-48,Galway,206-705-7729,Inactive
AID-4011-49,Cork,737-491-8210,Inactive
AID-9142-95,Naas,233-289-0007,Inactive
AID-8960-89,Galway,878-347-4975,Inactive
AID-0000-52,Galway,734-587-5530,Inactive
AID-2706-72,Galway,233-964-4350,Inactive
AID-8361-84,Cork,202-801-3514,Inactive
AID-2315-53,Galway,879-454-6902,Inactive
AID-5623-58,Galway,330-258-5131,Inactive
AID-1995-22,Cork,780-527-7864,Inactive
AID-4738-41,Galway,815-936-5982,Inactive
AID-0366-53,Galway,926-801-0085,Inactive
AID-7971-59,Cork,507-575-7371,Inactive
AID-8859-97,Cork,523-357-5390,Inactive
AID-5637-77,Cork,381-520-5474,Inactive
AID-9221-07,Cork,134-504-7168,Inactive
AID-2347-44,Dublin,160-678-0521,Inactive
AID-7150-38,Dublin,144-823-1870,Inactive
AID-9753-30,Galway,514-369-5403,Inactive
AID-8739-62,Cork,896-538-1174,Inactive
AID-1447-06,Dublin,272-803-8894,Inactive
AID-7570-49,Galway,420-690-6438,Inactive
AID-6999-25,Cork,915-119-0119,Inactive
AID-4516-72,Cork,172-658-6832,Inactive
AID-4995-44,Cork,242-469-9598,Inactive
AID-3670-79,Dublin,208-744-2519,Inactive
AID-7723-33,Cork,250-584-6245,Inactive
AID-6913-92,Galway,584-619-5378,Inactive
AID-1317-50,Galway,849-887-6737,Inactive
AID-2190-32,Naas,356-330-0962,Inactive
AID-9150-36,Dublin,596-552-4750,Inactive
AID-6315-04,Cork,645-805-6913,Inactive
AID-3236-97,Dublin,372-211-2758,Inactive
AID-2322-07,Galway,972-809-9902,Inactive
AID-7106-34,Galway,502-257-4383,Inactive
AID-1273-72,Naas,476-747-4794,Inactive
AID-5354-29,Galway,389-368-7696,Inactive
AID-8849-96,Cork,788-784-8240,Inactive
AID-6468-31,Cork,381-818-1521,Inactive
AID-5409-06,Galway,761-346-8623,Inactive
AID-4239-66,Galway,889-678-9899,Inactive
AID-4967-62,Cork,450-278-0719,Inactive
AID-3650-47,Cork,630-621-8146,Inactive
AID-8992-58,Galway,501-800-3769,Inactive
AID-0729-04,Cork,738-460-1431,Inactive
AID-7892-53,Cork,375-796-4698,Inactive
AID-3275-17,Galway,796-616-1679,Inactive
AID-2568-06,Carlow,774-834-8234,Inactive
AID-4143-58,Naas,139-600-5516,Inactive
AID-3441-02,Galway,696-251-1151,Inactive
AID-0535-43,Galway,140-565-7230,Inactive
AID-7386-18,Galway,961-865-7765,Inactive
AID-1148-55,Cork,683-582-1602,Inactive
AID-1660-71,Galway,513-424-4196,Inactive
AID-9631-03,Galway,741-534-0564,Inactive
AID-8639-53,Dublin,836-575-7127,Inactive
AID-2117-55,Cork,520-492-8605,Inactive
AID-9782-50,Galway,386-213-5616,Inactive
AID-3458-72,Cork,674-153-7398,Inactive
AID-7677-28,Cork,595-566-5936,Inactive
AID-8676-15,Galway,269-653-7525,Inactive
AID-0608-80,Cork,729-199-2555,Inactive
AID-6019-15,Cork,495-609-5214,Inactive
AID-5089-86,Cork,345-622-7514,Inactive
AID-1239-03,Cork,740-920-6740,Inactive
AID-4139-29,Galway,645-582-4696,Inactive
AID-0537-32,Cork,633-910-7412,Inactive
AID-6580-08,Cork,134-539-9371,Inactive
AID-2242-52,Cork,723-799-7935,Inactive
AID-4121-82,Dublin,954-508-3351,Inactive
AID-1698-69,Dublin,689-275-1709,Inactive
AID-2113-93,Cork,994-953-1373,Inactive
AID-1234-64,Galway,774-568-5542,Inactive
AID-6871-13,Cork,616-197-4780,Inactive
AID-1757-31,Cork,874-220-7322,Inactive
AID-8690-16,Dublin,291-973-4752,Inactive
AID-9703-33,Dublin,362-272-1842,Inactive
AID-3221-47,Dublin,638-705-0276,Inactive
AID-1357-18,Galway,935-132-2970,Inactive
AID-0926-95,Dublin,172-920-1520,Inactive
AID-4322-20,Cork,158-831-9587,Inactive
AID-1426-69,Cork,636-505-0660,Inactive
AID-3424-08,Galway,778-628-7898,Inactive
AID-7311-14,Cork,524-673-8008,Inactive
AID-7338-71,Swords,828-819-9591,Inactive
AID-4793-43,Dublin,705-400-8392,Inactive
AID-6037-79,Cork,202-911-0906,Inactive
AID-8820-24,Cork,324-300-0935,Inactive
AID-7885-44,Galway,772-673-9312,Inactive
AID-9876-65,Galway,952-551-0871,Inactive
AID-8236-92,Cork,855-818-1051,Inactive
AID-2511-88,Galway,885-346-2715,Inactive
AID-3402-16,Cork,168-619-3291,Inactive
AID-7102-25,Dublin,632-759-2751,Inactive
AID-6907-49,Swords,863-109-0224,Inactive
AID-7154-19,Limerick,464-489-7618,Inactive
AID-0669-93,Cork,194-357-2694,Inactive
AID-0780-13,Cork,911-700-6911,Inactive
AID-5638-56,Cork,964-920-2309,Inactive
AID-9889-47,Naas,348-808-6100,Inactive
AID-2558-93,Cork,406-478-1301,Inactive
AID-7617-43,Cork,879-163-4701,Inactive
AID-0134-69,Dublin,190-545-7128,Inactive
AID-5573-72,Cork,101-810-8390,Inactive
AID-2245-45,Cork,437-612-2466,Inactive
AID-1929-86,Dublin,620-438-6385,Inactive
AID-1155-94,Cork,668-784-1050,Inactive
AID-0810-39,Galway,818-435-3324,Inactive
AID-6655-68,Galway,661-505-9715,Inactive
AID-1775-23,Dublin,572-835-4911,Inactive
AID-7050-56,Cork,322-210-5757,Inactive
AID-0357-13,Swords,651-914-1584,Inactive
AID-7388-43,Cork,256-145-7715,Inactive
AID-5750-98,Shannon,241-243-1881,Inactive
AID-0212-38,Cork,634-759-1540,Inactive
AID-7493-44,Galway,290-331-0803,Inactive
